[
  {
    "icon": "/images/intro/smile.png",
    "summary": "다재다능한 개발자를 지향합니다",
    "long": "사용자 경험을 직접 구현하는 데 매력을 느껴 프론트엔드에 집중해왔습니다. 또한 백엔드까지 직접 구현한 프로젝트 경험을 바탕으로, 다양한 기술을 활용하고 거부감 없이 습득하는 다재다능한 개발자가 되고 싶습니다."
  },
  {
    "icon":"/images/intro/pencil.png",
    "summary": "성장을 위한 꾸준한 학습",
    "long": "인프런 등에서 꾸준히 강의를 수강하는 중이며, 지식을 단순히 습득하는 데 그치지 않고, 노션, 블로그 등에 내가 이해한 내용을 정리하고 설명하는 과정을 통해 내 것으로 만들고 있습니다."
  },
  {
    "icon":"/images/intro/dance.png",
    "summary": "협업을 통한 시너지",
    "long": "학원에서 단기간에 총 3개의 팀 프로젝트를 진행하며 팀장 또는 팀원의 포지션으로 팀원들과의 의견 교류와 역할 분담을 통해 더 나은 결과를 만들어왔고, 이러한 협업 경험을 바탕으로 더욱 유연하고 책임감을 가지게 되었습니다."
  }
]