[
    {
      "id": "about",
      "title": "ABOUT ME",
      "description": "",
      "children": [
        { "component": "About" },
        { "component": "Introduce" }
      ]
    },
    {
      "id": "skills",
      "title": "SKILLS",
      "description": "아래 기술을 모두 활용하여 프로젝트를 진행한 경험이 있습니다.",
      "children": [
        {
          "component": "Skills"
        }
      ]
    },
    {
      "id": "project",
      "title": "PROJECTS",
      "description": "클릭하여 상세보기",
      "children": [
        { "component": "Projects" },
        { "component": "ProjectItem" }
      ]
    }
  ]